Predicted Probability,Observed Probability
0.1,0.25287356321839083
0.2,0.22564102564102564
0.3,0.30392156862745096
0.4,0.3333333333333333
0.5,0.6190476190476191
0.6,0.5476190476190477
0.7,0.6470588235294118
0.8,0.125
0.9,0.21621621621621623
1.0,0.006896551724137931
