Predicted Probability,Observed Probability
0.1,0.20743919885550788
0.2,0.171875
0.3,0.2222222222222222
0.4,0.044444444444444446
0.5,0.16666666666666666
0.6,0.2727272727272727
0.7,0.2702702702702703
0.8,0.2857142857142857
0.9,0.4523809523809524
1.0,0.5672043010752689
